INSERT INTO SERVICEH VALUES (204, 'PEDIATRIE', 0204);
INSERT INTO SERVICEH VALUES (203, 'CARDIOLOGIE', 0203);
INSERT INTO SERVICEH VALUES (201, 'CHIRURGIE', 0201);
INSERT INTO SERVICEH VALUES (004, 'MEDECINE GENERALE', 0004);

INSERT INTO SALLE VALUES (1,0,10,004);
INSERT INTO SALLE VALUES (2,0,10,004);
INSERT INTO SALLE VALUES (3,0,10,004);
INSERT INTO SALLE VALUES (1,0,10,201);
INSERT INTO SALLE VALUES (2,0,10,201);
INSERT INTO SALLE VALUES (1,0,10,203);
INSERT INTO SALLE VALUES (2,0,10,203);
INSERT INTO SALLE VALUES (3,0,10,203);
INSERT INTO SALLE VALUES (1,0,10,204);
INSERT INTO SALLE VALUES (2,0,10,204);

INSERT INTO PATIENT VALUES (1234567891011,'ZINEDINE','ZIDANE',13001,'RUE DE LA CASTELLANE','MARSEILLE',10);
INSERT INTO PATIENT VALUES (1920009283717, 'JKITOU','BILEL',92000,'RUE PABLO PICASSO','NANTERRE',92);
INSERT INTO PATIENT VALUES (0698482664726, 'AMEL','BENTELHRAM',95100,'RUE CASANO','ARGENTEUIL',129);

INSERT INTO TELPATIENT VALUES (1234567891011,0612120908);
INSERT INTO TELPATIENT VALUES (1234567891011,0612120907);
INSERT INTO TELPATIENT VALUES (1920009283717,0772653564);
INSERT INTO TELPATIENT VALUES (0698482664726,0653664837);


INSERT INTO PERSONNEL VALUES (1920009283717,NULL, 'JKITOU','BILEL','DIRECTEUR',92000,'RUE PABLO PICASSO','NANTERRE',92); 
INSERT INTO PERSONNEL VALUES (1118763789277,1920009283717,'MARWANE','GHARS','MEDECIN',95230,'RUE PAUL ELUARD','SOISY',97); 
INSERT INTO PERSONNEL VALUES (1299982981800,1920009283717,'KARIM','RACHOUL','MEDECIN',75018,'PIGALLE','PARIS',16); 
INSERT INTO PERSONNEL VALUES (1313131313131,1920009283717,'RAOUL','LEPROF','MEDECIN',13200,'RUE DE LA FOURCHE','ARLES',96); 
INSERT INTO PERSONNEL VALUES (1091091091099,1118763789277,'HOUARI','BENCHENET','INFIRMIER',94000,'RUE DE LA MUSIQUE','CRETEIL',9);
INSERT INTO PERSONNEL VALUES (1299982981898,1299982981800,'AFKID','FLAWEN','INFIRMIER',93240,'RUE DU PLAISIR','STAINS',16); 
INSERT INTO PERSONNEL VALUES (1000000000000,1313131313131,'EL','CHAPO','INFIRMIER',92000,'RUE FFF','NANTERRE',89);  


INSERT INTO AFFECTATION VALUES (1118763789277,204);
INSERT INTO AFFECTATION VALUES (1091091091099,204);
INSERT INTO AFFECTATION VALUES (1299982981800,004);
INSERT INTO AFFECTATION VALUES (1299982981898,004);
INSERT INTO AFFECTATION VALUES (1313131313131,201);
INSERT INTO AFFECTATION VALUES (1313131313131,203);
INSERT INTO AFFECTATION VALUES (1000000000000,201);
INSERT INTO AFFECTATION VALUES (1000000000000,203);


INSERT INTO TELPERSONNEL VALUES (1118763789277,0600120908); 
INSERT INTO TELPERSONNEL VALUES (1118763789277,0699120908); 
INSERT INTO TELPERSONNEL VALUES (1313131313131,0621300009); 
INSERT INTO TELPERSONNEL VALUES (1313131313131,0621321221); 
INSERT INTO TELPERSONNEL VALUES (1091091091099,0777666666); 
INSERT INTO TELPERSONNEL VALUES (1000000000000 ,0654555554); 
INSERT INTO TELPERSONNEL VALUES (1299982981898,0707566577); 
INSERT INTO TELPERSONNEL VALUES (1299982981898,0671993993); 
INSERT INTO TELPERSONNEL VALUES (1299982981800,0788390000);
INSERT INTO TELPERSONNEL VALUES (1299982981800,0772222302);
INSERT INTO TELPERSONNEL VALUES (1920009283717,0772653564); 

INSERT INTO PATHOLOGIE VALUES(00001,204,'COLIQUE');  
INSERT INTO PATHOLOGIE VALUES(00002,203,'AMYLOSE CARDIAQUE'); 
INSERT INTO PATHOLOGIE VALUES(00003,201,'INSUFISANCE RENALE'); 
INSERT INTO PATHOLOGIE VALUES(00004,004,'DIABETE'); 

INSERT INTO SOIN VALUES ('GREFFE DE REIN',00003,10000);
INSERT INTO SOIN VALUES ('SOIN CARDIOLOGIQUE',00002,1500);
INSERT INTO SOIN VALUES ('SOIN MEDECINE GENERALE',00004,5204); 
INSERT INTO SOIN VALUES ('SOIN PEDIATRIE',00001,10); 



INSERT INTO VISITE VALUES ('20/10/2015','20/10/2015',1234567891011,00002);
INSERT INTO VISITE VALUES ('22/12/2017','01/01/2018',1234567891011,00004);
INSERT INTO VISITE VALUES ('22/12/2019','01/01/2020',1920009283717,00003);
INSERT INTO VISITE VALUES ('21/10/2017','22/10/2017',1920009283717,00004);
INSERT INTO VISITE VALUES ('22/12/2020','01/01/2020',0698482664726,00001);
INSERT INTO VISITE VALUES ('22/12/2017','24/12/2017',0698482664726,00003);


INSERT INTO INTERVENTION VALUES (1234567891011,'MEDECIN','SOIN CARDIOLOGIQUE',3,203,1313131313131,'20/10/2015',1500,'POSITIF');
INSERT INTO INTERVENTION VALUES (1234567891011,'MEDECIN','SOIN MEDECINE GENERALE',3,004,1299982981800,'25/12/2017',5204,'POSITIF');
INSERT INTO INTERVENTION VALUES (1920009283717,'MEDECIN','GREFFE DE REIN',1,201,1313131313131,'24/12/2019',10000 ,'POSITIF');
INSERT INTO INTERVENTION VALUES (1920009283717,'MEDECIN','SOIN MEDECINE GENERALE',2,004,1299982981800,'21/10/2017',5204,'NEGATIF');
INSERT INTO INTERVENTION VALUES (0698482664726,'MEDECIN','SOIN PEDIATRIE',1,204,1118763789277,'23/12/2020',10,'POSITIF');
INSERT INTO INTERVENTION VALUES (0698482664726,'MEDECIN','GREFFE DE REIN',1,201,1313131313131,'23/12/2017',10000,'POSITIF');
